{"cameraMode":{"drawMode":0,"name":"Shaded","section":"Shading Mode"},"sceneLighting":true,"audioPlay":false,"sceneViewState":{"showFog":false,"showMaterialUpdate":false,"showSkybox":true,"showFlares":false,"showImageEffects":false,"showParticleSystems":false},"in2DMode":false,"pivot":{"x":15.41890811920166,"y":-2.2340569496154787,"z":-1.954737901687622},"rotation":{"x":0.0016844258643686772,"y":-0.9905351996421814,"z":0.13696224987506867,"w":0.012181639671325684},"size":12.783875465393067,"orthographic":false}