{"cameraMode":{"drawMode":0,"name":"Shaded","section":"Shading Mode"},"sceneLighting":false,"audioPlay":false,"sceneViewState":{"showFog":false,"showMaterialUpdate":false,"showSkybox":false,"showFlares":false,"showImageEffects":false,"showParticleSystems":false},"in2DMode":false,"pivot":{"x":-1.0758764743804932,"y":-0.006620228290557861,"z":1.8134043216705323},"rotation":{"x":-0.06480846554040909,"y":0.2911193072795868,"z":-0.01977405697107315,"w":-0.9542889595031738},"size":2.458845615386963,"orthographic":false}