{"cameraMode":{"drawMode":0,"name":"Shaded","section":"Shading Mode"},"sceneLighting":true,"audioPlay":false,"sceneViewState":{"showFog":false,"showMaterialUpdate":false,"showSkybox":true,"showFlares":false,"showImageEffects":false,"showParticleSystems":false},"in2DMode":false,"pivot":{"x":22.79513931274414,"y":-1.8909072875976563,"z":36.858848571777347},"rotation":{"x":0.2953758239746094,"y":0.4676198959350586,"z":-0.16931889951229096,"w":0.8157675862312317},"size":12.043831825256348,"orthographic":false}